page_id,content,created_at
"11935251-7730-4b13-aa48-59a1bc20abc6","Integer commodo ipsum in quam accumsan, in iaculis tellus mattis. Class aptent taciti sociosqu ad litora torquent per conubia nostra, per inceptos himenaeos.","2022-08-15T20:37:39Z"
"11935251-7730-4b13-aa48-59a1bc20abc6","Suspendisse vulputate felis vitae arcu aliquam semper. In pharetra varius tellus id ullamcorper.","2022-08-15T19:37:39Z"
"11935251-7730-4b13-aa48-59a1bc20abc6","Maecenas bibendum mi id tortor finibus, sed consequat mauris efficitur. Quisque vehicula est ac nisi viverra tincidunt.","2022-08-15T18:37:39Z"
"92f6cb5b-3045-4d9c-8b27-f92bbbba5baf","Sed accumsan lectus quis metus varius viverra. Donec fringilla porta justo, et luctus quam scelerisque nec.","2022-08-15T20:37:39Z"
"92f6cb5b-3045-4d9c-8b27-f92bbbba5baf","Fusce eu ligula massa.","2022-08-15T19:37:39Z"
"92f6cb5b-3045-4d9c-8b27-f92bbbba5baf","Etiam semper bibendum justo nec molestie. Proin fermentum, turpis sed lobortis tempus, nulla libero lobortis mauris, a porta lorem augue vel nibh.","2022-08-15T18:37:39Z"
"281638af-3fcc-4e25-b462-29fc69a38a0a","Pellentesque molestie dolor in sem dictum lobortis. Curabitur placerat dolor dolor.","2022-08-15T20:37:39Z"
"281638af-3fcc-4e25-b462-29fc69a38a0a","Donec a posuere urna, non convallis nibh. Cras rhoncus ex pretium mi elementum, at laoreet mi facilisis.","2022-08-15T19:37:39Z"
"281638af-3fcc-4e25-b462-29fc69a38a0a","Integer a elit eget justo luctus accumsan. Phasellus massa ipsum, bibendum sit amet purus eu, hendrerit egestas diam.","2022-08-15T18:37:39Z"
"5cfa2e4c-7453-4f53-a35a-14ba9300145d","Suspendisse interdum tortor vel nulla elementum vehicula.","2022-08-15T20:37:39Z"
"5cfa2e4c-7453-4f53-a35a-14ba9300145d","Etiam efficitur at turpis eget mattis. Nunc facilisis congue nisl sit amet efficitur.","2022-08-15T19:37:39Z"
"5cfa2e4c-7453-4f53-a35a-14ba9300145d","Mauris vitae nibh id urna commodo maximus.","2022-08-15T18:37:39Z"
"143bf8b7-103e-4d63-ac3b-fd21f9f2fb57","Duis et augue sit amet est tempus faucibus. Pellentesque habitant morbi tristique senectus et netus et malesuada fames ac turpis egestas.","2022-08-15T20:37:39Z"
"143bf8b7-103e-4d63-ac3b-fd21f9f2fb57","Maecenas a ultricies enim. Vestibulum ac placerat neque, at cursus lacus.","2022-08-15T19:37:39Z"
"143bf8b7-103e-4d63-ac3b-fd21f9f2fb57","Nunc accumsan rutrum tempus.","2022-08-15T20:37:39Z"
